,Character,Usage Rate,Date
0,リュウ,17.08,10-2016
1,ケン,10.187,10-2016
2,ユリアン,7.918,10-2016
3,ナッシュ,5.765,10-2016
4,キャミィ,5.244,10-2016
5,かりん,4.523,10-2016
6,ネカリ,3.985,10-2016
7,ララ,3.873,10-2016
8,春麗,3.747,10-2016
9,ガイル,3.704,10-2016
10,アレックス,3.628,10-2016
11,レインボー・ミカ,3.606,10-2016
12,ザンギエフ,3.517,10-2016
13,ジュリ,3.43,10-2016
14,ベガ,3.307,10-2016
15,バイソン,3.09,10-2016
16,いぶき,3.089,10-2016
17,バルログ,2.631,10-2016
18,バーディー,2.531,10-2016
19,ラシード,2.451,10-2016
20,ダルシム,1.426,10-2016
21,ファン,1.255,10-2016
22,リュウ,17.839,11-2016
23,ケン,10.052,11-2016
24,ナッシュ,5.826,11-2016
25,ユリアン,5.766,11-2016
26,キャミィ,5.177,11-2016
27,かりん,4.705,11-2016
28,ガイル,4.579,11-2016
29,ネカリ,4.075,11-2016
30,ザンギエフ,3.742,11-2016
31,ララ,3.739,11-2016
32,レインボー・ミカ,3.673,11-2016
33,春麗,3.667,11-2016
34,アレックス,3.593,11-2016
35,ベガ,3.48,11-2016
36,ジュリ,3.136,11-2016
37,バイソン,3.095,11-2016
38,いぶき,2.907,11-2016
39,ラシード,2.799,11-2016
40,バルログ,2.769,11-2016
41,バーディー,2.674,11-2016
42,ダルシム,1.469,11-2016
43,ファン,1.236,11-2016
44,リュウ,13.614,12-2016
45,豪鬼,13.464,12-2016
46,ケン,8.183,12-2016
47,ユリアン,4.631,12-2016
48,キャミィ,4.539,12-2016
49,かりん,4.312,12-2016
50,ナッシュ,4.148,12-2016
51,ザンギエフ,4.112,12-2016
52,ララ,4.111,12-2016
53,ガイル,4.003,12-2016
54,ベガ,3.681,12-2016
55,ジュリ,3.467,12-2016
56,アレックス,3.311,12-2016
57,バイソン,3.213,12-2016
58,いぶき,2.941,12-2016
59,ネカリ,2.931,12-2016
60,春麗,2.811,12-2016
61,レインボー・ミカ,2.623,12-2016
62,ラシード,2.574,12-2016
63,バルログ,2.444,12-2016
64,バーディー,2.257,12-2016
65,ダルシム,1.386,12-2016
66,ファン,1.205,12-2016
67,豪鬼,13.922,01-2017
68,リュウ,11.632,01-2017
69,ケン,7.401,01-2017
70,ユリアン,5.41,01-2017
71,キャミィ,4.783,01-2017
72,ララ,4.765,01-2017
73,ガイル,4.733,01-2017
74,ザンギエフ,4.669,01-2017
75,かりん,4.192,01-2017
76,バイソン,4.05,01-2017
77,ベガ,3.974,01-2017
78,いぶき,3.581,01-2017
79,ジュリ,3.372,01-2017
80,ナッシュ,3.304,01-2017
81,アレックス,3.118,01-2017
82,ラシード,2.851,01-2017
83,ネカリ,2.739,01-2017
84,春麗,2.32,01-2017
85,バルログ,2.221,01-2017
86,バーディー,2.202,01-2017
87,レインボー・ミカ,2.147,01-2017
88,ダルシム,1.436,01-2017
89,ファン,1.179,01-2017
90,リュウ,12.764,02-2017
91,豪鬼,10.634,02-2017
92,ケン,8.072,02-2017
93,ユリアン,5.208,02-2017
94,キャミィ,5.027,02-2017
95,ザンギエフ,4.717,02-2017
96,ララ,4.497,02-2017
97,ガイル,4.484,02-2017
98,かりん,4.457,02-2017
99,バイソン,4.144,02-2017
100,ベガ,4.116,02-2017
101,ナッシュ,3.553,02-2017
102,いぶき,3.534,02-2017
103,アレックス,3.296,02-2017
104,ジュリ,3.099,02-2017
105,ネカリ,3.094,02-2017
106,ラシード,2.933,02-2017
107,レインボー・ミカ,2.491,02-2017
108,春麗,2.443,02-2017
109,バーディー,2.304,02-2017
110,バルログ,2.228,02-2017
111,ダルシム,1.642,02-2017
112,ファン,1.262,02-2017
113,リュウ,11.335,03-2017
114,コーリン,10.237,03-2017
115,豪鬼,8.729,03-2017
116,ケン,7.346,03-2017
117,キャミィ,4.575,03-2017
118,ザンギエフ,4.528,03-2017
119,ユリアン,4.515,03-2017
120,ガイル,4.371,03-2017
121,かりん,3.98,03-2017
122,ベガ,3.713,03-2017
123,ララ,3.713,03-2017
124,バイソン,3.635,03-2017
125,いぶき,3.585,03-2017
126,ナッシュ,3.2,03-2017
127,アレックス,2.986,03-2017
128,ネカリ,2.936,03-2017
129,ジュリ,2.649,03-2017
130,ラシード,2.6,03-2017
131,レインボー・ミカ,2.484,03-2017
132,バーディー,2.113,03-2017
133,春麗,2.1,03-2017
134,バルログ,2.057,03-2017
135,ダルシム,1.486,03-2017
136,ファン,1.127,03-2017
137,リュウ,11.622,04-2017
138,豪鬼,8.822,04-2017
139,ケン,8.045,04-2017
140,ザンギエフ,5.057,04-2017
141,ガイル,4.922,04-2017
142,キャミィ,4.756,04-2017
143,ユリアン,4.323,04-2017
144,かりん,4.287,04-2017
145,コーリン,4.201,04-2017
146,ララ,4.092,04-2017
147,ベガ,4.017,04-2017
148,バイソン,3.919,04-2017
149,いぶき,3.779,04-2017
150,ナッシュ,3.613,04-2017
151,ネカリ,3.294,04-2017
152,アレックス,3.274,04-2017
153,ジュリ,2.898,04-2017
154,ラシード,2.712,04-2017
155,レインボー・ミカ,2.671,04-2017
156,春麗,2.433,04-2017
157,バーディー,2.377,04-2017
158,バルログ,2.212,04-2017
159,ダルシム,1.551,04-2017
160,ファン,1.125,04-2017
161,リュウ,11.927,05-2017
162,豪鬼,8.781,05-2017
163,ケン,8.313,05-2017
164,かりん,4.895,05-2017
165,ザンギエフ,4.893,05-2017
166,ガイル,4.839,05-2017
167,キャミィ,4.809,05-2017
168,ユリアン,4.071,05-2017
169,ララ,4.049,05-2017
170,ベガ,3.914,05-2017
171,ナッシュ,3.902,05-2017
172,バイソン,3.759,05-2017
173,いぶき,3.416,05-2017
174,コーリン,3.331,05-2017
175,ネカリ,3.302,05-2017
176,アレックス,3.043,05-2017
177,ジュリ,2.885,05-2017
178,ラシード,2.717,05-2017
179,レインボー・ミカ,2.689,05-2017
180,春麗,2.573,05-2017
181,バーディー,2.401,05-2017
182,バルログ,2.23,05-2017
183,ダルシム,1.521,05-2017
184,ファン,1.154,05-2017
185,エド,0.585,05-2017
186,リュウ,12.801,06-2017
187,エド,8.331,06-2017
188,豪鬼,8.015,06-2017
189,ケン,7.859,06-2017
190,ザンギエフ,4.747,06-2017
191,ガイル,4.713,06-2017
192,キャミィ,4.352,06-2017
193,かりん,4.311,06-2017
194,ナッシュ,3.951,06-2017
195,ベガ,3.518,06-2017
196,ララ,3.45,06-2017
197,ユリアン,3.446,06-2017
198,バイソン,3.124,06-2017
199,アレックス,2.887,06-2017
200,ネカリ,2.847,06-2017
201,いぶき,2.705,06-2017
202,ラシード,2.514,06-2017
203,バルログ,2.432,06-2017
204,レインボー・ミカ,2.376,06-2017
205,コーリン,2.374,06-2017
206,ジュリ,2.327,06-2017
207,春麗,2.323,06-2017
208,バーディー,2.117,06-2017
209,ダルシム,1.277,06-2017
210,ファン,1.204,06-2017
211,リュウ,11.81,07-2017
212,豪鬼,9.353,07-2017
213,ケン,7.582,07-2017
214,ガイル,5.029,07-2017
215,ザンギエフ,4.448,07-2017
216,キャミィ,4.434,07-2017
217,エド,4.419,07-2017
218,かりん,4.367,07-2017
219,ナッシュ,3.945,07-2017
220,ベガ,3.544,07-2017
221,ララ,3.527,07-2017
222,ユリアン,3.473,07-2017
223,アビゲイル,3.417,07-2017
224,バイソン,3.026,07-2017
225,アレックス,3.02,07-2017
226,いぶき,2.948,07-2017
227,ネカリ,2.728,07-2017
228,ラシード,2.669,07-2017
229,ジュリ,2.544,07-2017
230,レインボー・ミカ,2.504,07-2017
231,コーリン,2.413,07-2017
232,春麗,2.2,07-2017
233,バルログ,2.102,07-2017
234,バーディー,2.086,07-2017
235,ダルシム,1.288,07-2017
236,ファン,1.123,07-2017
237,リュウ,11.218,08-2017
238,豪鬼,9.731,08-2017
239,ケン,7.436,08-2017
240,アビゲイル,5.973,08-2017
241,ガイル,5.127,08-2017
242,キャミィ,4.346,08-2017
243,かりん,4.295,08-2017
244,ザンギエフ,3.929,08-2017
245,ララ,3.674,08-2017
246,ユリアン,3.531,08-2017
247,エド,3.429,08-2017
248,ベガ,3.429,08-2017
249,ナッシュ,3.288,08-2017
250,いぶき,2.882,08-2017
251,バイソン,2.868,08-2017
252,アレックス,2.851,08-2017
253,ネカリ,2.814,08-2017
254,ジュリ,2.633,08-2017
255,ラシード,2.591,08-2017
256,コーリン,2.298,08-2017
257,レインボー・ミカ,2.289,08-2017
258,春麗,2.114,08-2017
259,バルログ,1.993,08-2017
260,バーディー,1.804,08-2017
261,メナト,1.247,08-2017
262,ダルシム,1.196,08-2017
263,ファン,1.014,08-2017
264,リュウ,10.751,09-2017
265,豪鬼,9.29,09-2017
266,ケン,7.547,09-2017
267,ガイル,5.498,09-2017
268,かりん,4.625,09-2017
269,メナト,4.585,09-2017
270,キャミィ,4.327,09-2017
271,ユリアン,4.041,09-2017
272,ザンギエフ,3.879,09-2017
273,アビゲイル,3.663,09-2017
274,ベガ,3.576,09-2017
275,ララ,3.44,09-2017
276,エド,3.095,09-2017
277,ナッシュ,2.958,09-2017
278,バイソン,2.9,09-2017
279,ネカリ,2.788,09-2017
280,アレックス,2.649,09-2017
281,ラシード,2.568,09-2017
282,いぶき,2.558,09-2017
283,ジュリ,2.512,09-2017
284,レインボー・ミカ,2.258,09-2017
285,コーリン,2.192,09-2017
286,春麗,2.086,09-2017
287,バルログ,2.046,09-2017
288,バーディー,1.972,09-2017
289,ダルシム,1.195,09-2017
290,ファン,1.002,09-2017
291,リュウ,10.477,10-2017
292,豪鬼,9.486,10-2017
293,ケン,7.307,10-2017
294,ガイル,5.188,10-2017
295,是空,4.796,10-2017
296,キャミィ,4.659,10-2017
297,かりん,4.456,10-2017
298,ユリアン,4.052,10-2017
299,ザンギエフ,3.849,10-2017
300,ベガ,3.776,10-2017
301,ララ,3.25,10-2017
302,アビゲイル,2.939,10-2017
303,エド,2.81,10-2017
304,ナッシュ,2.81,10-2017
305,バイソン,2.738,10-2017
306,ネカリ,2.668,10-2017
307,アレックス,2.656,10-2017
308,いぶき,2.518,10-2017
309,ラシード,2.436,10-2017
310,ジュリ,2.387,10-2017
311,春麗,2.282,10-2017
312,レインボー・ミカ,2.18,10-2017
313,コーリン,2.142,10-2017
314,バーディー,2.117,10-2017
315,バルログ,1.975,10-2017
316,メナト,1.876,10-2017
317,ダルシム,1.127,10-2017
318,ファン,1.042,10-2017
319,リュウ,10.586,11-2017
320,豪鬼,8.937,11-2017
321,是空,7.18,11-2017
322,ケン,7.069,11-2017
323,ガイル,5.065,11-2017
324,かりん,4.278,11-2017
325,キャミィ,4.253,11-2017
326,ザンギエフ,4.042,11-2017
327,ベガ,3.769,11-2017
328,ユリアン,3.748,11-2017
329,ララ,3.287,11-2017
330,アビゲイル,2.857,11-2017
331,ナッシュ,2.752,11-2017
332,エド,2.744,11-2017
333,バイソン,2.74,11-2017
334,アレックス,2.647,11-2017
335,ネカリ,2.586,11-2017
336,いぶき,2.436,11-2017
337,ジュリ,2.307,11-2017
338,コーリン,2.293,11-2017
339,春麗,2.265,11-2017
340,ラシード,2.228,11-2017
341,レインボー・ミカ,2.137,11-2017
342,バーディー,2.115,11-2017
343,バルログ,1.882,11-2017
344,メナト,1.552,11-2017
345,ダルシム,1.176,11-2017
346,ファン,1.069,11-2017
347,リュウ,11.099,12-2017
348,豪鬼,9.336,12-2017
349,ケン,7.313,12-2017
350,ガイル,4.813,12-2017
351,キャミィ,4.509,12-2017
352,かりん,4.385,12-2017
353,ザンギエフ,3.963,12-2017
354,ユリアン,3.92,12-2017
355,ベガ,3.724,12-2017
356,是空,3.627,12-2017
357,ララ,3.396,12-2017
358,エド,3.069,12-2017
359,アレックス,2.942,12-2017
360,ナッシュ,2.894,12-2017
361,アビゲイル,2.786,12-2017
362,春麗,2.76,12-2017
363,バイソン,2.698,12-2017
364,バーディー,2.59,12-2017
365,ネカリ,2.568,12-2017
366,ジュリ,2.512,12-2017
367,コーリン,2.394,12-2017
368,ラシード,2.32,12-2017
369,いぶき,2.291,12-2017
370,レインボー・ミカ,2.239,12-2017
371,バルログ,1.915,12-2017
372,メナト,1.702,12-2017
373,ダルシム,1.205,12-2017
374,ファン,1.03,12-2017
375,リュウ,11.519,01-2018
376,豪鬼,7.963,01-2018
377,ケン,6.928,01-2018
378,さくら,6.337,01-2018
379,ガイル,4.506,01-2018
380,キャミィ,4.014,01-2018
381,かりん,3.706,01-2018
382,ベガ,3.641,01-2018
383,ザンギエフ,3.465,01-2018
384,ユリアン,3.393,01-2018
385,エド,3.32,01-2018
386,アレックス,3.271,01-2018
387,アビゲイル,3.035,01-2018
388,ララ,3.003,01-2018
389,ナッシュ,2.932,01-2018
390,ジュリ,2.88,01-2018
391,春麗,2.783,01-2018
392,コーリン,2.504,01-2018
393,是空,2.424,01-2018
394,バーディー,2.241,01-2018
395,ラシード,2.198,01-2018
396,バイソン,2.171,01-2018
397,ネカリ,2.153,01-2018
398,レインボー・ミカ,2.151,01-2018
399,いぶき,1.993,01-2018
400,バルログ,1.852,01-2018
401,メナト,1.373,01-2018
402,ダルシム,1.137,01-2018
403,ファン,1.103,01-2018
404,リュウ,11.301,02-2018
405,豪鬼,8.503,02-2018
406,ケン,7.015,02-2018
407,ガイル,5.627,02-2018
408,さくら,3.994,02-2018
409,キャミィ,3.949,02-2018
410,アビゲイル,3.723,02-2018
411,ベガ,3.632,02-2018
412,ザンギエフ,3.385,02-2018
413,かりん,3.366,02-2018
414,ユリアン,3.132,02-2018
415,ブランカ,3.101,02-2018
416,ナッシュ,2.992,02-2018
417,アレックス,2.917,02-2018
418,エド,2.805,02-2018
419,ララ,2.673,02-2018
420,ジュリ,2.626,02-2018
421,春麗,2.572,02-2018
422,コーリン,2.507,02-2018
423,ラシード,2.452,02-2018
424,バーディー,2.302,02-2018
425,レインボー・ミカ,2.298,02-2018
426,バイソン,2.058,02-2018
427,ネカリ,1.987,02-2018
428,いぶき,1.973,02-2018
429,是空,1.778,02-2018
430,バルログ,1.766,02-2018
431,メナト,1.32,02-2018
432,ダルシム,1.152,02-2018
433,ファン,1.094,02-2018
434,リュウ,10.764,03-2018
435,豪鬼,9.034,03-2018
436,ケン,7.106,03-2018
437,ガイル,5.979,03-2018
438,キャミィ,4.182,03-2018
439,ブランカ,3.691,03-2018
440,ベガ,3.68,03-2018
441,アビゲイル,3.66,03-2018
442,ユリアン,3.355,03-2018
443,かりん,3.345,03-2018
444,ザンギエフ,3.27,03-2018
445,ナッシュ,3.01,03-2018
446,さくら,2.991,03-2018
447,アレックス,2.718,03-2018
448,ララ,2.699,03-2018
449,エド,2.655,03-2018
450,ジュリ,2.569,03-2018
451,春麗,2.529,03-2018
452,コーリン,2.445,03-2018
453,ラシード,2.339,03-2018
454,レインボー・ミカ,2.302,03-2018
455,いぶき,2.224,03-2018
456,バーディー,2.183,03-2018
457,バイソン,2.107,03-2018
458,是空,1.951,03-2018
459,ネカリ,1.903,03-2018
460,バルログ,1.758,03-2018
461,メナト,1.344,03-2018
462,ダルシム,1.192,03-2018
463,ファン,1.015,03-2018
464,リュウ,10.31,04-2018
465,豪鬼,9.032,04-2018
466,ケン,6.92,04-2018
467,ガイル,5.696,04-2018
468,キャミィ,5.031,04-2018
469,ベガ,3.47,04-2018
470,かりん,3.326,04-2018
471,アレックス,3.221,04-2018
472,ユリアン,3.203,04-2018
473,ザンギエフ,3.167,04-2018
474,ナッシュ,3.16,04-2018
475,さくら,3.104,04-2018
476,是空,2.76,04-2018
477,ジュリ,2.756,04-2018
478,エド,2.654,04-2018
479,アビゲイル,2.502,04-2018
480,ララ,2.495,04-2018
481,レインボー・ミカ,2.484,04-2018
482,バイソン,2.455,04-2018
483,春麗,2.382,04-2018
484,ファルケ,2.375,04-2018
485,いぶき,2.228,04-2018
486,ブランカ,2.154,04-2018
487,コーリン,2.084,04-2018
488,バーディー,2.044,04-2018
489,ネカリ,1.993,04-2018
490,バルログ,1.831,04-2018
491,ラシード,1.584,04-2018
492,メナト,1.429,04-2018
493,ダルシム,1.209,04-2018
494,ファン,0.94,04-2018
495,リュウ,10.777,05-2018
496,豪鬼,9.148,05-2018
497,ケン,7.275,05-2018
498,ガイル,5.968,05-2018
499,キャミィ,4.575,05-2018
500,ベガ,3.747,05-2018
501,かりん,3.304,05-2018
502,ユリアン,3.302,05-2018
503,ザンギエフ,3.243,05-2018
504,ナッシュ,3.031,05-2018
505,アレックス,2.971,05-2018
506,ファルケ,2.849,05-2018
507,ララ,2.62,05-2018
508,さくら,2.595,05-2018
509,エド,2.567,05-2018
510,いぶき,2.555,05-2018
511,是空,2.493,05-2018
512,レインボー・ミカ,2.463,05-2018
513,ジュリ,2.453,05-2018
514,バイソン,2.423,05-2018
515,春麗,2.339,05-2018
516,アビゲイル,2.306,05-2018
517,バーディー,2.279,05-2018
518,ネカリ,1.956,05-2018
519,コーリン,1.935,05-2018
520,バルログ,1.85,05-2018
521,ブランカ,1.832,05-2018
522,ラシード,1.604,05-2018
523,メナト,1.335,05-2018
524,ダルシム,1.261,05-2018
525,ファン,0.944,05-2018
526,リュウ,10.469,06-2018
527,豪鬼,8.751,06-2018
528,ケン,6.976,06-2018
529,ガイル,5.662,06-2018
530,キャミィ,4.52,06-2018
531,コーディー,4.133,06-2018
532,ベガ,3.539,06-2018
533,ユリアン,3.508,06-2018
534,かりん,3.341,06-2018
535,ザンギエフ,3.255,06-2018
536,ナッシュ,2.973,06-2018
537,いぶき,2.798,06-2018
538,アレックス,2.75,06-2018
539,エド,2.487,06-2018
540,ララ,2.482,06-2018
541,バイソン,2.415,06-2018
542,レインボー・ミカ,2.397,06-2018
543,ジュリ,2.393,06-2018
544,アビゲイル,2.351,06-2018
545,春麗,2.28,06-2018
546,さくら,2.24,06-2018
547,バーディー,2.239,06-2018
548,是空,2.201,06-2018
549,ネカリ,1.956,06-2018
550,バルログ,1.873,06-2018
551,コーリン,1.856,06-2018
552,ブランカ,1.688,06-2018
553,ラシード,1.622,06-2018
554,ファルケ,1.411,06-2018
555,メナト,1.319,06-2018
556,ダルシム,1.215,06-2018
557,ファン,0.899,06-2018
558,リュウ,10.059,07-2018
559,豪鬼,8.395,07-2018
560,コーディー,7.715,07-2018
561,ケン,6.802,07-2018
562,ガイル,5.556,07-2018
563,キャミィ,4.754,07-2018
564,ベガ,3.279,07-2018
565,かりん,3.211,07-2018
566,ユリアン,3.113,07-2018
567,ザンギエフ,3.035,07-2018
568,いぶき,2.975,07-2018
569,ナッシュ,2.72,07-2018
570,ララ,2.603,07-2018
571,春麗,2.445,07-2018
572,エド,2.398,07-2018
573,アレックス,2.39,07-2018
574,ジュリ,2.344,07-2018
575,アビゲイル,2.292,07-2018
576,バイソン,2.26,07-2018
577,レインボー・ミカ,2.235,07-2018
578,さくら,2.145,07-2018
579,是空,2.08,07-2018
580,バーディー,2.036,07-2018
581,ネカリ,1.986,07-2018
582,コーリン,1.88,07-2018
583,バルログ,1.679,07-2018
584,ラシード,1.608,07-2018
585,ブランカ,1.509,07-2018
586,メナト,1.367,07-2018
587,ファルケ,1.143,07-2018
588,ダルシム,1.122,07-2018
589,ファン,0.863,07-2018
590,サガット,9.729,08-2018
591,リュウ,8.688,08-2018
592,豪鬼,7.463,08-2018
593,G,7.25,08-2018
594,ケン,5.924,08-2018
595,ガイル,4.648,08-2018
596,キャミィ,3.971,08-2018
597,ベガ,3.2,08-2018
598,コーディー,2.953,08-2018
599,かりん,2.755,08-2018
600,ザンギエフ,2.698,08-2018
601,いぶき,2.509,08-2018
602,ユリアン,2.431,08-2018
603,ララ,2.273,08-2018
604,レインボー・ミカ,2.254,08-2018
605,ナッシュ,2.236,08-2018
606,ジュリ,2.193,08-2018
607,さくら,2.067,08-2018
608,アレックス,2.016,08-2018
609,エド,1.955,08-2018
610,アビゲイル,1.952,08-2018
611,春麗,1.951,08-2018
612,バイソン,1.905,08-2018
613,バーディー,1.742,08-2018
614,是空,1.739,08-2018
615,ネカリ,1.622,08-2018
616,コーリン,1.619,08-2018
617,ラシード,1.572,08-2018
618,バルログ,1.449,08-2018
619,ブランカ,1.24,08-2018
620,メナト,1.181,08-2018
621,ファルケ,1.084,08-2018
622,ダルシム,0.982,08-2018
623,ファン,0.753,08-2018
624,リュウ,8.955,09-2018
625,豪鬼,8.539,09-2018
626,ケン,6.464,09-2018
627,ガイル,5.156,09-2018
628,サガット,5.137,09-2018
629,キャミィ,4.484,09-2018
630,G,4.0,09-2018
631,ベガ,3.535,09-2018
632,かりん,3.184,09-2018
633,ザンギエフ,3.13,09-2018
634,ユリアン,2.773,09-2018
635,いぶき,2.671,09-2018
636,レインボー・ミカ,2.561,09-2018
637,ナッシュ,2.453,09-2018
638,コーディー,2.393,09-2018
639,アビゲイル,2.367,09-2018
640,ララ,2.362,09-2018
641,ジュリ,2.293,09-2018
642,バイソン,2.224,09-2018
643,アレックス,2.179,09-2018
644,エド,2.105,09-2018
645,春麗,2.068,09-2018
646,コーリン,2.063,09-2018
647,是空,2.06,09-2018
648,さくら,2.048,09-2018
649,バーディー,1.897,09-2018
650,ネカリ,1.812,09-2018
651,バルログ,1.652,09-2018
652,ラシード,1.639,09-2018
653,メナト,1.377,09-2018
654,ブランカ,1.277,09-2018
655,ファルケ,1.206,09-2018
656,ダルシム,1.096,09-2018
657,ファン,0.843,09-2018
658,リュウ,9.414,10-2018
659,豪鬼,8.909,10-2018
660,ケン,6.968,10-2018
661,ガイル,5.369,10-2018
662,キャミィ,4.215,10-2018
663,サガット,3.725,10-2018
664,ベガ,3.536,10-2018
665,ザンギエフ,3.477,10-2018
666,かりん,3.205,10-2018
667,ユリアン,2.901,10-2018
668,いぶき,2.701,10-2018
669,G,2.656,10-2018
670,レインボー・ミカ,2.588,10-2018
671,アビゲイル,2.579,10-2018
672,ナッシュ,2.562,10-2018
673,ララ,2.404,10-2018
674,アレックス,2.315,10-2018
675,ジュリ,2.313,10-2018
676,春麗,2.232,10-2018
677,コーディー,2.211,10-2018
678,バイソン,2.186,10-2018
679,是空,2.122,10-2018
680,コーリン,2.082,10-2018
681,エド,2.072,10-2018
682,さくら,1.971,10-2018
683,ネカリ,1.911,10-2018
684,バーディー,1.91,10-2018
685,ラシード,1.813,10-2018
686,バルログ,1.806,10-2018
687,ブランカ,1.345,10-2018
688,メナト,1.328,10-2018
689,ダルシム,1.165,10-2018
690,ファルケ,1.069,10-2018
691,ファン,0.942,10-2018
692,リュウ,9.87,11-2018
693,豪鬼,8.847,11-2018
694,ケン,7.104,11-2018
695,ガイル,5.431,11-2018
696,キャミィ,4.284,11-2018
697,ベガ,3.93,11-2018
698,ザンギエフ,3.333,11-2018
699,かりん,3.329,11-2018
700,サガット,3.099,11-2018
701,ユリアン,2.98,11-2018
702,いぶき,2.648,11-2018
703,ナッシュ,2.636,11-2018
704,レインボー・ミカ,2.621,11-2018
705,アビゲイル,2.559,11-2018
706,ララ,2.488,11-2018
707,アレックス,2.406,11-2018
708,G,2.38,11-2018
709,ジュリ,2.374,11-2018
710,コーディー,2.181,11-2018
711,バイソン,2.178,11-2018
712,春麗,2.123,11-2018
713,エド,2.09,11-2018
714,さくら,2.079,11-2018
715,是空,2.053,11-2018
716,コーリン,2.037,11-2018
717,ネカリ,1.845,11-2018
718,バーディー,1.832,11-2018
719,ラシード,1.796,11-2018
720,バルログ,1.736,11-2018
721,ブランカ,1.379,11-2018
722,メナト,1.23,11-2018
723,ダルシム,1.153,11-2018
724,ファルケ,0.992,11-2018
725,ファン,0.982,11-2018
726,リュウ,10.886,12-2018
727,影ナル者,8.949,12-2018
728,豪鬼,7.031,12-2018
729,ケン,6.309,12-2018
730,ガイル,4.09,12-2018
731,ベガ,3.652,12-2018
732,キャミィ,3.607,12-2018
733,ザンギエフ,3.33,12-2018
734,かりん,3.155,12-2018
735,サガット,2.685,12-2018
736,さくら,2.594,12-2018
737,アレックス,2.488,12-2018
738,ユリアン,2.418,12-2018
739,ナッシュ,2.322,12-2018
740,ジュリ,2.21,12-2018
741,いぶき,2.162,12-2018
742,ララ,2.144,12-2018
743,春麗,2.118,12-2018
744,レインボー・ミカ,2.115,12-2018
745,コーディー,2.096,12-2018
746,是空,2.04,12-2018
747,G,1.988,12-2018
748,コーリン,1.933,12-2018
749,エド,1.913,12-2018
750,バイソン,1.911,12-2018
751,アビゲイル,1.877,12-2018
752,バーディー,1.667,12-2018
753,バルログ,1.656,12-2018
754,ラシード,1.629,12-2018
755,ネカリ,1.5,12-2018
756,ファルケ,1.312,12-2018
757,ブランカ,1.157,12-2018
758,ダルシム,1.081,12-2018
759,メナト,1.069,12-2018
760,ファン,0.906,12-2018
761,リュウ,11.402,01-2019
762,豪鬼,7.253,01-2019
763,影ナル者,6.708,01-2019
764,ケン,6.364,01-2019
765,ザンギエフ,3.934,01-2019
766,ベガ,3.903,01-2019
767,ガイル,3.656,01-2019
768,かりん,3.465,01-2019
769,キャミィ,3.142,01-2019
770,是空,2.668,01-2019
771,さくら,2.629,01-2019
772,アレックス,2.578,01-2019
773,サガット,2.564,01-2019
774,ユリアン,2.394,01-2019
775,いぶき,2.36,01-2019
776,ナッシュ,2.179,01-2019
777,コーディー,2.161,01-2019
778,春麗,2.155,01-2019
779,バーディー,2.142,01-2019
780,レインボー・ミカ,2.13,01-2019
781,ジュリ,2.116,01-2019
782,ララ,2.073,01-2019
783,G,2.066,01-2019
784,バイソン,2.014,01-2019
785,コーリン,1.992,01-2019
786,エド,1.845,01-2019
787,ラシード,1.71,01-2019
788,アビゲイル,1.695,01-2019
789,バルログ,1.626,01-2019
790,ネカリ,1.535,01-2019
791,ファルケ,1.454,01-2019
792,ブランカ,1.148,01-2019
793,ダルシム,1.105,01-2019
794,メナト,0.923,01-2019
795,ファン,0.91,01-2019
796,リュウ,10.8,02-2019
797,豪鬼,7.816,02-2019
798,ケン,6.516,02-2019
799,影ナル者,4.696,02-2019
800,ガイル,4.143,02-2019
801,ザンギエフ,4.022,02-2019
802,ベガ,3.93,02-2019
803,かりん,3.582,02-2019
804,キャミィ,3.377,02-2019
805,ユリアン,2.779,02-2019
806,バーディー,2.753,02-2019
807,サガット,2.533,02-2019
808,是空,2.482,02-2019
809,さくら,2.481,02-2019
810,いぶき,2.417,02-2019
811,アレックス,2.385,02-2019
812,ナッシュ,2.228,02-2019
813,レインボー・ミカ,2.175,02-2019
814,春麗,2.174,02-2019
815,ジュリ,2.13,02-2019
816,G,2.091,02-2019
817,バイソン,2.09,02-2019
818,コーディー,2.089,02-2019
819,コーリン,2.075,02-2019
820,ララ,2.074,02-2019
821,エド,1.872,02-2019
822,アビゲイル,1.737,02-2019
823,ネカリ,1.686,02-2019
824,ラシード,1.669,02-2019
825,バルログ,1.666,02-2019
826,ブランカ,1.26,02-2019
827,ファルケ,1.222,02-2019
828,ダルシム,1.214,02-2019
829,メナト,0.963,02-2019
830,ファン,0.874,02-2019
831,リュウ,10.335,03-2019
832,豪鬼,7.828,03-2019
833,ケン,6.499,03-2019
834,ガイル,4.456,03-2019
835,ザンギエフ,4.172,03-2019
836,影ナル者,4.055,03-2019
837,ベガ,3.946,03-2019
838,かりん,3.916,03-2019
839,キャミィ,3.392,03-2019
840,ユリアン,2.774,03-2019
841,バーディー,2.603,03-2019
842,サガット,2.49,03-2019
843,いぶき,2.463,03-2019
844,アレックス,2.455,03-2019
845,さくら,2.454,03-2019
846,是空,2.419,03-2019
847,ジュリ,2.248,03-2019
848,ナッシュ,2.24,03-2019
849,春麗,2.217,03-2019
850,バイソン,2.154,03-2019
851,ララ,2.114,03-2019
852,コーリン,2.11,03-2019
853,レインボー・ミカ,2.106,03-2019
854,G,2.082,03-2019
855,コーディー,2.075,03-2019
856,アビゲイル,1.837,03-2019
857,エド,1.831,03-2019
858,ネカリ,1.784,03-2019
859,ラシード,1.776,03-2019
860,バルログ,1.579,03-2019
861,ダルシム,1.268,03-2019
862,ブランカ,1.254,03-2019
863,ファルケ,1.157,03-2019
864,メナト,1.015,03-2019
865,ファン,0.899,03-2019
866,リュウ,10.452,04-2019
867,豪鬼,8.37,04-2019
868,ケン,6.517,04-2019
869,ガイル,4.584,04-2019
870,かりん,4.205,04-2019
871,影ナル者,4.059,04-2019
872,ザンギエフ,4.012,04-2019
873,ベガ,3.948,04-2019
874,キャミィ,3.432,04-2019
875,是空,2.582,04-2019
876,ユリアン,2.554,04-2019
877,いぶき,2.41,04-2019
878,G,2.397,04-2019
879,バーディー,2.333,04-2019
880,アレックス,2.33,04-2019
881,サガット,2.326,04-2019
882,春麗,2.323,04-2019
883,さくら,2.316,04-2019
884,ジュリ,2.259,04-2019
885,ナッシュ,2.216,04-2019
886,バイソン,2.198,04-2019
887,ララ,2.142,04-2019
888,レインボー・ミカ,2.075,04-2019
889,コーリン,1.964,04-2019
890,コーディー,1.867,04-2019
891,ラシード,1.84,04-2019
892,エド,1.833,04-2019
893,アビゲイル,1.685,04-2019
894,ネカリ,1.659,04-2019
895,バルログ,1.587,04-2019
896,ダルシム,1.243,04-2019
897,ブランカ,1.186,04-2019
898,ファルケ,1.168,04-2019
899,メナト,1.057,04-2019
900,ファン,0.869,04-2019
901,リュウ,10.702,05-2019
902,豪鬼,8.811,05-2019
903,ケン,6.783,05-2019
904,ガイル,4.672,05-2019
905,かりん,4.412,05-2019
906,ザンギエフ,3.904,05-2019
907,ベガ,3.845,05-2019
908,影ナル者,3.719,05-2019
909,キャミィ,3.474,05-2019
910,是空,2.578,05-2019
911,ユリアン,2.569,05-2019
912,いぶき,2.497,05-2019
913,さくら,2.354,05-2019
914,G,2.328,05-2019
915,バーディー,2.279,05-2019
916,ナッシュ,2.252,05-2019
917,ジュリ,2.237,05-2019
918,ララ,2.231,05-2019
919,春麗,2.212,05-2019
920,アレックス,2.192,05-2019
921,サガット,2.181,05-2019
922,レインボー・ミカ,2.105,05-2019
923,コーリン,2.031,05-2019
924,バイソン,1.984,05-2019
925,ラシード,1.86,05-2019
926,エド,1.765,05-2019
927,コーディー,1.752,05-2019
928,ネカリ,1.644,05-2019
929,アビゲイル,1.644,05-2019
930,バルログ,1.521,05-2019
931,ダルシム,1.235,05-2019
932,ファルケ,1.215,05-2019
933,ブランカ,1.138,05-2019
934,メナト,1.028,05-2019
935,ファン,0.846,05-2019
936,リュウ,10.334,06-2019
937,豪鬼,8.967,06-2019
938,ケン,6.638,06-2019
939,ガイル,4.896,06-2019
940,かりん,4.463,06-2019
941,ベガ,4.095,06-2019
942,ザンギエフ,3.83,06-2019
943,影ナル者,3.494,06-2019
944,キャミィ,3.306,06-2019
945,ユリアン,2.631,06-2019
946,いぶき,2.544,06-2019
947,さくら,2.511,06-2019
948,サガット,2.41,06-2019
949,バーディー,2.372,06-2019
950,ララ,2.334,06-2019
951,是空,2.324,06-2019
952,ナッシュ,2.265,06-2019
953,春麗,2.237,06-2019
954,アレックス,2.236,06-2019
955,レインボー・ミカ,2.153,06-2019
956,G,2.141,06-2019
957,ジュリ,2.122,06-2019
958,コーリン,2.013,06-2019
959,バイソン,1.994,06-2019
960,アビゲイル,1.815,06-2019
961,ラシード,1.791,06-2019
962,ネカリ,1.748,06-2019
963,コーディー,1.746,06-2019
964,エド,1.653,06-2019
965,バルログ,1.557,06-2019
966,ダルシム,1.213,06-2019
967,ファルケ,1.205,06-2019
968,ブランカ,1.105,06-2019
969,メナト,0.978,06-2019
970,ファン,0.879,06-2019
971,リュウ,10.483,07-2019
972,豪鬼,9.095,07-2019
973,ケン,6.669,07-2019
974,ガイル,5.049,07-2019
975,かりん,4.458,07-2019
976,ベガ,4.18,07-2019
977,ザンギエフ,3.814,07-2019
978,影ナル者,3.468,07-2019
979,キャミィ,3.298,07-2019
980,いぶき,2.655,07-2019
981,ユリアン,2.644,07-2019
982,さくら,2.437,07-2019
983,サガット,2.357,07-2019
984,ララ,2.311,07-2019
985,バーディー,2.248,07-2019
986,是空,2.225,07-2019
987,ナッシュ,2.179,07-2019
988,ジュリ,2.174,07-2019
989,アレックス,2.162,07-2019
990,春麗,2.14,07-2019
991,G,2.134,07-2019
992,レインボー・ミカ,2.096,07-2019
993,バイソン,2.034,07-2019
994,コーリン,1.936,07-2019
995,ネカリ,1.872,07-2019
996,ラシード,1.866,07-2019
997,アビゲイル,1.82,07-2019
998,コーディー,1.778,07-2019
999,エド,1.714,07-2019
1000,バルログ,1.503,07-2019
1001,ダルシム,1.205,07-2019
1002,ブランカ,1.096,07-2019
1003,メナト,1.054,07-2019
1004,ファルケ,1.02,07-2019
1005,ファン,0.827,07-2019
1006,ルシア,9.113,08-2019
1007,リュウ,9.035,08-2019
1008,豪鬼,6.987,08-2019
1009,ケン,5.71,08-2019
1010,エドモンド本田,5.607,08-2019
1011,ポイズン,5.156,08-2019
1012,ガイル,3.802,08-2019
1013,かりん,3.405,08-2019
1014,ベガ,3.39,08-2019
1015,ザンギエフ,3.191,08-2019
1016,キャミィ,2.691,08-2019
1017,影ナル者,2.552,08-2019
1018,サガット,2.125,08-2019
1019,いぶき,2.013,08-2019
1020,ユリアン,1.99,08-2019
1021,さくら,1.909,08-2019
1022,ララ,1.844,08-2019
1023,是空,1.794,08-2019
1024,春麗,1.757,08-2019
1025,ナッシュ,1.719,08-2019
1026,バーディー,1.709,08-2019
1027,ジュリ,1.683,08-2019
1028,レインボー・ミカ,1.668,08-2019
1029,アレックス,1.645,08-2019
1030,ラシード,1.641,08-2019
1031,G,1.601,08-2019
1032,コーディー,1.586,08-2019
1033,バイソン,1.535,08-2019
1034,コーリン,1.502,08-2019
1035,ネカリ,1.405,08-2019
1036,アビゲイル,1.389,08-2019
1037,エド,1.37,08-2019
1038,バルログ,1.285,08-2019
1039,ダルシム,0.939,08-2019
1040,ブランカ,0.912,08-2019
1041,ファルケ,0.869,08-2019
1042,メナト,0.785,08-2019
1043,ファン,0.686,08-2019
1044,リュウ,10.106,09-2019
1045,豪鬼,8.204,09-2019
1046,ケン,6.274,09-2019
1047,ガイル,4.429,09-2019
1048,ルシア,4.138,09-2019
1049,ベガ,3.886,09-2019
1050,かりん,3.849,09-2019
1051,ザンギエフ,3.655,09-2019
1052,影ナル者,3.025,09-2019
1053,エドモンド本田,2.948,09-2019
1054,キャミィ,2.904,09-2019
1055,ポイズン,2.488,09-2019
1056,ユリアン,2.422,09-2019
1057,いぶき,2.281,09-2019
1058,サガット,2.228,09-2019
1059,是空,2.218,09-2019
1060,ララ,1.976,09-2019
1061,春麗,1.967,09-2019
1062,ナッシュ,1.939,09-2019
1063,コーリン,1.923,09-2019
1064,バーディー,1.915,09-2019
1065,G,1.889,09-2019
1066,さくら,1.887,09-2019
1067,アレックス,1.867,09-2019
1068,ラシード,1.863,09-2019
1069,ジュリ,1.814,09-2019
1070,バイソン,1.801,09-2019
1071,アビゲイル,1.716,09-2019
1072,レインボー・ミカ,1.712,09-2019
1073,コーディー,1.62,09-2019
1074,ネカリ,1.514,09-2019
1075,エド,1.494,09-2019
1076,バルログ,1.457,09-2019
1077,ダルシム,1.068,09-2019
1078,ブランカ,1.035,09-2019
1079,メナト,0.869,09-2019
1080,ファルケ,0.853,09-2019
1081,ファン,0.768,09-2019
1082,リュウ,10.098,10-2019
1083,豪鬼,8.597,10-2019
1084,ケン,6.258,10-2019
1085,ガイル,4.468,10-2019
1086,ベガ,3.936,10-2019
1087,かりん,3.926,10-2019
1088,ザンギエフ,3.88,10-2019
1089,影ナル者,3.512,10-2019
1090,キャミィ,2.886,10-2019
1091,ルシア,2.633,10-2019
1092,ユリアン,2.624,10-2019
1093,いぶき,2.413,10-2019
1094,是空,2.282,10-2019
1095,コーリン,2.146,10-2019
1096,サガット,2.113,10-2019
1097,アレックス,2.064,10-2019
1098,バーディー,2.037,10-2019
1099,エドモンド本田,2.035,10-2019
1100,春麗,2.021,10-2019
1101,ララ,2.0,10-2019
1102,G,1.983,10-2019
1103,ナッシュ,1.936,10-2019
1104,バイソン,1.931,10-2019
1105,ジュリ,1.917,10-2019
1106,ラシード,1.903,10-2019
1107,レインボー・ミカ,1.899,10-2019
1108,さくら,1.853,10-2019
1109,ポイズン,1.83,10-2019
1110,アビゲイル,1.788,10-2019
1111,コーディー,1.628,10-2019
1112,ネカリ,1.622,10-2019
1113,バルログ,1.541,10-2019
1114,エド,1.483,10-2019
1115,ダルシム,1.138,10-2019
1116,ブランカ,1.024,10-2019
1117,メナト,0.89,10-2019
1118,ファルケ,0.868,10-2019
1119,ファン,0.834,10-2019
1120,リュウ,9.952,11-2019
1121,豪鬼,8.561,11-2019
1122,ケン,6.263,11-2019
1123,ガイル,4.432,11-2019
1124,ベガ,3.981,11-2019
1125,ザンギエフ,3.882,11-2019
1126,かりん,3.781,11-2019
1127,影ナル者,3.381,11-2019
1128,キャミィ,3.006,11-2019
1129,ユリアン,2.787,11-2019
1130,いぶき,2.404,11-2019
1131,ルシア,2.351,11-2019
1132,是空,2.345,11-2019
1133,ポイズン,2.241,11-2019
1134,サガット,2.211,11-2019
1135,春麗,2.151,11-2019
1136,G,2.122,11-2019
1137,ララ,2.109,11-2019
1138,アレックス,2.056,11-2019
1139,ナッシュ,2.021,11-2019
1140,レインボー・ミカ,2.011,11-2019
1141,コーリン,2.003,11-2019
1142,さくら,1.999,11-2019
1143,バーディー,1.985,11-2019
1144,ジュリ,1.931,11-2019
1145,ラシード,1.912,11-2019
1146,アビゲイル,1.881,11-2019
1147,バイソン,1.745,11-2019
1148,コーディー,1.611,11-2019
1149,エドモンド本田,1.57,11-2019
1150,ネカリ,1.548,11-2019
1151,エド,1.547,11-2019
1152,バルログ,1.538,11-2019
1153,ダルシム,1.097,11-2019
1154,ブランカ,1.049,11-2019
1155,メナト,0.894,11-2019
1156,ファルケ,0.864,11-2019
1157,ファン,0.777,11-2019
1158,リュウ,9.925,12-2019
1159,豪鬼,6.243,12-2019
1160,ケン,5.895,12-2019
1161,ギル,4.532,12-2019
1162,影ナル者,4.205,12-2019
1163,ガイル,4.092,12-2019
1164,ベガ,3.731,12-2019
1165,ザンギエフ,3.568,12-2019
1166,かりん,3.03,12-2019
1167,キャミィ,2.79,12-2019
1168,ユリアン,2.607,12-2019
1169,春麗,2.576,12-2019
1170,ララ,2.468,12-2019
1171,ナッシュ,2.254,12-2019
1172,アレックス,2.168,12-2019
1173,さくら,2.129,12-2019
1174,いぶき,2.109,12-2019
1175,ジュリ,2.096,12-2019
1176,ルシア,2.093,12-2019
1177,エド,2.074,12-2019
1178,サガット,2.02,12-2019
1179,G,2.011,12-2019
1180,是空,1.975,12-2019
1181,コーリン,1.904,12-2019
1182,ネカリ,1.862,12-2019
1183,アビゲイル,1.82,12-2019
1184,レインボー・ミカ,1.803,12-2019
1185,バイソン,1.769,12-2019
1186,ポイズン,1.745,12-2019
1187,コーディー,1.725,12-2019
1188,ラシード,1.719,12-2019
1189,バルログ,1.663,12-2019
1190,バーディー,1.395,12-2019
1191,エドモンド本田,1.361,12-2019
1192,ファルケ,1.021,12-2019
1193,ブランカ,1.005,12-2019
1194,ダルシム,0.992,12-2019
1195,メナト,0.876,12-2019
1196,ファン,0.75,12-2019
1197,リュウ,9.084,01-2020
1198,影ナル者,7.277,01-2020
1199,ケン,5.697,01-2020
1200,豪鬼,5.308,01-2020
1201,ギル,4.386,01-2020
1202,ガイル,3.851,01-2020
1203,ベガ,3.48,01-2020
1204,ザンギエフ,3.278,01-2020
1205,春麗,3.101,01-2020
1206,キャミィ,2.736,01-2020
1207,ユリアン,2.693,01-2020
1208,かりん,2.636,01-2020
1209,ララ,2.507,01-2020
1210,アビゲイル,2.302,01-2020
1211,ナッシュ,2.253,01-2020
1212,エド,2.244,01-2020
1213,さくら,2.211,01-2020
1214,いぶき,2.143,01-2020
1215,ジュリ,2.065,01-2020
1216,ルシア,2.06,01-2020
1217,G,1.989,01-2020
1218,アレックス,1.968,01-2020
1219,サガット,1.902,01-2020
1220,ネカリ,1.864,01-2020
1221,バイソン,1.842,01-2020
1222,是空,1.827,01-2020
1223,コーリン,1.826,01-2020
1224,コーディー,1.814,01-2020
1225,ポイズン,1.795,01-2020
1226,バルログ,1.605,01-2020
1227,レインボー・ミカ,1.53,01-2020
1228,ラシード,1.514,01-2020
1229,エドモンド本田,1.434,01-2020
1230,バーディー,1.171,01-2020
1231,ファルケ,1.038,01-2020
1232,ダルシム,0.999,01-2020
1233,ブランカ,0.988,01-2020
1234,メナト,0.916,01-2020
1235,ファン,0.668,01-2020
1236,セス,9.315,02-2020
1237,リュウ,8.905,02-2020
1238,影ナル者,5.69,02-2020
1239,ケン,5.688,02-2020
1240,豪鬼,5.134,02-2020
1241,ガイル,3.869,02-2020
1242,ザンギエフ,3.265,02-2020
1243,ベガ,3.051,02-2020
1244,ギル,2.817,02-2020
1245,キャミィ,2.776,02-2020
1246,春麗,2.655,02-2020
1247,さくら,2.514,02-2020
1248,かりん,2.393,02-2020
1249,ユリアン,2.317,02-2020
1250,ララ,2.255,02-2020
1251,アビゲイル,2.013,02-2020
1252,エド,1.974,02-2020
1253,ナッシュ,1.92,02-2020
1254,ジュリ,1.861,02-2020
1255,G,1.84,02-2020
1256,サガット,1.836,02-2020
1257,アレックス,1.779,02-2020
1258,ルシア,1.775,02-2020
1259,いぶき,1.701,02-2020
1260,バイソン,1.624,02-2020
1261,ネカリ,1.596,02-2020
1262,コーリン,1.578,02-2020
1263,コーディー,1.568,02-2020
1264,エドモンド本田,1.527,02-2020
1265,バルログ,1.507,02-2020
1266,是空,1.499,02-2020
1267,レインボー・ミカ,1.479,02-2020
1268,ポイズン,1.415,02-2020
1269,ラシード,1.291,02-2020
1270,バーディー,1.19,02-2020
1271,ダルシム,1.024,02-2020
1272,ブランカ,0.984,02-2020
1273,ファルケ,0.883,02-2020
1274,メナト,0.861,02-2020
1275,ファン,0.632,02-2020
1276,リュウ,9.715,03-2020
1277,ケン,6.432,03-2020
1278,豪鬼,6.17,03-2020
1279,セス,5.752,03-2020
1280,影ナル者,5.158,03-2020
1281,ガイル,4.493,03-2020
1282,ザンギエフ,3.531,03-2020
1283,ベガ,3.348,03-2020
1284,キャミィ,2.77,03-2020
1285,春麗,2.721,03-2020
1286,ギル,2.631,03-2020
1287,かりん,2.53,03-2020
1288,ユリアン,2.42,03-2020
1289,さくら,2.352,03-2020
1290,ララ,2.152,03-2020
1291,ナッシュ,2.048,03-2020
1292,アビゲイル,2.022,03-2020
1293,サガット,1.989,03-2020
1294,G,1.835,03-2020
1295,アレックス,1.82,03-2020
1296,エド,1.787,03-2020
1297,ジュリ,1.754,03-2020
1298,バイソン,1.682,03-2020
1299,是空,1.664,03-2020
1300,いぶき,1.652,03-2020
1301,バルログ,1.639,03-2020
1302,エドモンド本田,1.591,03-2020
1303,ネカリ,1.587,03-2020
1304,コーリン,1.586,03-2020
1305,レインボー・ミカ,1.578,03-2020
1306,コーディー,1.562,03-2020
1307,ルシア,1.479,03-2020
1308,ラシード,1.339,03-2020
1309,バーディー,1.258,03-2020
1310,ポイズン,1.245,03-2020
1311,ダルシム,1.184,03-2020
1312,ブランカ,1.086,03-2020
1313,ファルケ,0.879,03-2020
1314,メナト,0.815,03-2020
1315,ファン,0.742,03-2020
1316,リュウ,9.951,04-2020
1317,ケン,6.742,04-2020
1318,豪鬼,6.507,04-2020
1319,影ナル者,5.999,04-2020
1320,ガイル,4.601,04-2020
1321,セス,3.668,04-2020
1322,ザンギエフ,3.535,04-2020
1323,ベガ,3.432,04-2020
1324,キャミィ,2.803,04-2020
1325,春麗,2.597,04-2020
1326,ユリアン,2.584,04-2020
1327,かりん,2.515,04-2020
1328,ギル,2.466,04-2020
1329,サガット,2.195,04-2020
1330,さくら,2.152,04-2020
1331,ララ,2.126,04-2020
1332,ナッシュ,2.076,04-2020
1333,G,1.919,04-2020
1334,アビゲイル,1.912,04-2020
1335,エド,1.885,04-2020
1336,アレックス,1.843,04-2020
1337,バイソン,1.787,04-2020
1338,ジュリ,1.704,04-2020
1339,是空,1.697,04-2020
1340,コーリン,1.637,04-2020
1341,レインボー・ミカ,1.619,04-2020
1342,コーディー,1.581,04-2020
1343,バルログ,1.579,04-2020
1344,いぶき,1.579,04-2020
1345,ルシア,1.562,04-2020
1346,ネカリ,1.56,04-2020
1347,エドモンド本田,1.516,04-2020
1348,ラシード,1.355,04-2020
1349,バーディー,1.319,04-2020
1350,ポイズン,1.232,04-2020
1351,ダルシム,1.206,04-2020
1352,ブランカ,1.12,04-2020
1353,ファルケ,0.884,04-2020
1354,メナト,0.848,04-2020
1355,ファン,0.708,04-2020
1356,リュウ,9.644,05-2020
1357,豪鬼,6.654,05-2020
1358,ケン,6.433,05-2020
1359,影ナル者,5.626,05-2020
1360,ガイル,4.447,05-2020
1361,ザンギエフ,3.566,05-2020
1362,ベガ,3.461,05-2020
1363,セス,3.31,05-2020
1364,ユリアン,2.963,05-2020
1365,キャミィ,2.905,05-2020
1366,春麗,2.693,05-2020
1367,かりん,2.656,05-2020
1368,ギル,2.34,05-2020
1369,さくら,2.276,05-2020
1370,サガット,2.223,05-2020
1371,ララ,2.221,05-2020
1372,ナッシュ,1.968,05-2020
1373,エド,1.916,05-2020
1374,アビゲイル,1.885,05-2020
1375,ジュリ,1.871,05-2020
1376,アレックス,1.812,05-2020
1377,G,1.803,05-2020
1378,是空,1.796,05-2020
1379,バイソン,1.78,05-2020
1380,コーリン,1.69,05-2020
1381,コーディー,1.676,05-2020
1382,レインボー・ミカ,1.628,05-2020
1383,いぶき,1.627,05-2020
1384,ルシア,1.625,05-2020
1385,ネカリ,1.613,05-2020
1386,バルログ,1.559,05-2020
1387,ラシード,1.418,05-2020
1388,エドモンド本田,1.401,05-2020
1389,ポイズン,1.361,05-2020
1390,バーディー,1.361,05-2020
1391,ダルシム,1.249,05-2020
1392,ブランカ,1.086,05-2020
1393,ファルケ,0.933,05-2020
1394,メナト,0.841,05-2020
1395,ファン,0.687,05-2020
1396,リュウ,9.752,06-2020
1397,豪鬼,6.555,06-2020
1398,ケン,6.433,06-2020
1399,影ナル者,4.819,06-2020
1400,ガイル,4.435,06-2020
1401,ザンギエフ,3.588,06-2020
1402,ベガ,3.373,06-2020
1403,セス,3.252,06-2020
1404,ユリアン,3.057,06-2020
1405,キャミィ,2.97,06-2020
1406,かりん,2.764,06-2020
1407,春麗,2.715,06-2020
1408,さくら,2.38,06-2020
1409,ララ,2.299,06-2020
1410,ギル,2.214,06-2020
1411,サガット,2.109,06-2020
1412,ナッシュ,1.913,06-2020
1413,ジュリ,1.913,06-2020
1414,アビゲイル,1.901,06-2020
1415,エド,1.899,06-2020
1416,是空,1.857,06-2020
1417,バイソン,1.836,06-2020
1418,アレックス,1.812,06-2020
1419,いぶき,1.789,06-2020
1420,G,1.783,06-2020
1421,コーリン,1.775,06-2020
1422,バルログ,1.737,06-2020
1423,コーディー,1.711,06-2020
1424,ネカリ,1.585,06-2020
1425,ルシア,1.581,06-2020
1426,ポイズン,1.57,06-2020
1427,レインボー・ミカ,1.562,06-2020
1428,エドモンド本田,1.424,06-2020
1429,ラシード,1.421,06-2020
1430,バーディー,1.384,06-2020
1431,ダルシム,1.182,06-2020
1432,ブランカ,1.077,06-2020
1433,ファルケ,0.931,06-2020
1434,メナト,0.905,06-2020
1435,ファン,0.734,06-2020
